STATION,NAME,DATE,AWND,PGTM,PRCP,SNOW,SNWD,TAVG,TMAX,TMIN,WDF2,WDF5,WSF2,WSF5,WT01 (Fog),WT02 (Vis<0.25mi),WT03 (Thunder),WT04 (Sleet),WT08 (Haze)
USW00024233,"SEATTLE TACOMA AIRPORT, WA US",8/27/2024,8.72,,0.08,0,0,62,68,54,60,40,18.1,25.9,1,0,1,0,0
USW00024233,"SEATTLE TACOMA AIRPORT, WA US",8/28/2024,8.28,,0,0,0,59,70,50,340,330,18.1,23,0,0,0,0,0
USW00024233,"SEATTLE TACOMA AIRPORT, WA US",8/29/2024,8.95,,0,0,0,63,79,53,10,10,14.1,19.9,0,0,0,0,0
USW00024233,"SEATTLE TACOMA AIRPORT, WA US",8/30/2024,7.38,,0,0,0,68,83,58,350,20,12.1,16.1,0,0,0,0,0
USW00024233,"SEATTLE TACOMA AIRPORT, WA US",8/31/2024,7.61,,0,0,0,71,84,60,20,10,14.1,17,0,0,0,0,0
USW00024233,"SEATTLE TACOMA AIRPORT, WA US",9/1/2024,5.14,,0,0,0,71,82,61,220,230,14.1,19.9,0,0,0,0,0
USW00024233,"SEATTLE TACOMA AIRPORT, WA US",9/2/2024,7.38,,0,0,0,65,70,59,220,210,13,19,1,0,0,0,0
USW00024233,"SEATTLE TACOMA AIRPORT, WA US",9/3/2024,5.82,,0,0,0,63,72,59,10,290,10.1,15,0,0,0,0,0
USW00024233,"SEATTLE TACOMA AIRPORT, WA US",9/4/2024,8.28,,0,0,0,65,78,56,10,40,14.1,21,1,1,0,0,0
USW00024233,"SEATTLE TACOMA AIRPORT, WA US",9/5/2024,5.59,,0,0,0,71,90,59,20,20,10.1,15,0,0,0,0,0
USW00024233,"SEATTLE TACOMA AIRPORT, WA US",9/6/2024,6.71,,0,0,0,75,88,61,30,350,14.1,18.1,0,0,0,0,0
USW00024233,"SEATTLE TACOMA AIRPORT, WA US",9/7/2024,4.92,,0,0,0,73,77,63,360,360,13,15,0,0,0,0,0
USW00024233,"SEATTLE TACOMA AIRPORT, WA US",9/8/2024,7.16,,0,0,0,66,75,58,210,210,13,18.1,1,0,0,0,0
USW00024233,"SEATTLE TACOMA AIRPORT, WA US",9/9/2024,5.59,,0,0,0,63,67,58,230,230,10.1,14.1,0,0,0,0,0
USW00024233,"SEATTLE TACOMA AIRPORT, WA US",9/10/2024,6.49,,0,0,0,61,71,54,230,220,17,23,0,0,0,0,0
USW00024233,"SEATTLE TACOMA AIRPORT, WA US",9/11/2024,4.92,,0.24,0,0,59,67,53,120,130,15,23,1,0,0,0,0
USW00024233,"SEATTLE TACOMA AIRPORT, WA US",9/12/2024,5.37,,0,0,0,60,68,55,210,200,13,17,1,0,0,0,0
USW00024233,"SEATTLE TACOMA AIRPORT, WA US",9/13/2024,5.59,,0.04,0,0,59,64,52,130,60,12.1,14.1,1,0,0,0,0
USW00024233,"SEATTLE TACOMA AIRPORT, WA US",9/14/2024,6.49,,0.09,0,0,59,66,56,50,20,12.1,18.1,1,0,0,0,1
USW00024233,"SEATTLE TACOMA AIRPORT, WA US",9/15/2024,6.71,,0.02,0,0,57,64,53,340,340,14.1,17,1,0,0,0,1
USW00024233,"SEATTLE TACOMA AIRPORT, WA US",9/16/2024,6.04,,0,0,0,58,68,50,20,30,14.1,21,0,0,0,0,0
USW00024233,"SEATTLE TACOMA AIRPORT, WA US",9/17/2024,5.59,,0,0,0,59,63,53,170,160,14.1,18.1,1,0,0,0,0
USW00024233,"SEATTLE TACOMA AIRPORT, WA US",9/18/2024,5.59,,0,0,0,60,70,55,300,290,14.1,18.1,1,0,0,0,0
USW00024233,"SEATTLE TACOMA AIRPORT, WA US",9/19/2024,4.47,,0,0,0,60,68,52,240,230,10.1,16.1,0,0,0,0,0
USW00024233,"SEATTLE TACOMA AIRPORT, WA US",9/20/2024,4.92,,0.02,0,0,58,64,53,260,200,8.9,14.1,1,0,0,0,0
USW00024233,"SEATTLE TACOMA AIRPORT, WA US",9/21/2024,4.25,,0,0,0,58,70,47,310,310,12.1,14.1,0,0,0,0,0
USW00024233,"SEATTLE TACOMA AIRPORT, WA US",9/22/2024,4.03,,0,0,0,60,70,51,210,200,12.1,15,0,0,0,0,0
USW00024233,"SEATTLE TACOMA AIRPORT, WA US",9/23/2024,5.59,,0,0,0,65,73,60,200,200,12.1,19,1,0,0,0,0
USW00024233,"SEATTLE TACOMA AIRPORT, WA US",9/24/2024,4.47,,0,0,0,65,78,58,30,30,8.9,13,1,1,0,0,1
USW00024233,"SEATTLE TACOMA AIRPORT, WA US",9/25/2024,9.62,,0.1,0,0,64,65,55,220,200,19.9,29.1,1,0,0,0,0
USW00024233,"SEATTLE TACOMA AIRPORT, WA US",9/26/2024,7.61,1827,0.08,0,0,57,68,51,230,230,15,21,0,0,0,0,0
USW00024233,"SEATTLE TACOMA AIRPORT, WA US",9/27/2024,10.29,2213,0.03,0,0,60,66,52,30,40,18.1,23.9,1,0,0,0,0
USW00024233,"SEATTLE TACOMA AIRPORT, WA US",9/28/2024,7.16, 0557,0,0,0,55,62,49,10,360,17,23,0,0,0,0,1
USW00024233,"SEATTLE TACOMA AIRPORT, WA US",9/29/2024,6.71,2345,0,0,0,54,63,49,50,50,13,16.1,0,0,0,0,0
USW00024233,"SEATTLE TACOMA AIRPORT, WA US",9/30/2024,7.38,1128,0,0,0,56,67,48,30,20,13,19.9,0,0,0,0,0
USW00024233,"SEATTLE TACOMA AIRPORT, WA US",10/1/2024,6.04,,0,0,0,56,68,46,360,360,18.1,21.9,0,0,0,0,0
USW00024233,"SEATTLE TACOMA AIRPORT, WA US",10/2/2024,8.05,,0,0,0,57,63,50,20,50,15,21,0,0,0,0,0
USW00024233,"SEATTLE TACOMA AIRPORT, WA US",10/3/2024,6.93,,0,0,0,54,66,44,30,290,15,18.1,0,0,0,0,0
USW00024233,"SEATTLE TACOMA AIRPORT, WA US",10/4/2024,9.62,,0.42,0,0,54,61,48,200,210,25.9,36,1,0,0,0,0
USW00024233,"SEATTLE TACOMA AIRPORT, WA US",10/5/2024,6.93,,0,0,0,55,64,49,10,10,14.1,19,0,0,0,0,0
USW00024233,"SEATTLE TACOMA AIRPORT, WA US",10/6/2024,5.14,,0,0,0,54,67,46,350,360,12.1,17,1,1,0,0,1
USW00024233,"SEATTLE TACOMA AIRPORT, WA US",10/7/2024,3.8,,0,0,0,59,75,49,210,100,8.9,14.1,0,0,0,0,0
USW00024233,"SEATTLE TACOMA AIRPORT, WA US",10/8/2024,8.28,,0.36,0,0,62,66,54,180,140,19.9,25.1,1,0,0,0,0
USW00024233,"SEATTLE TACOMA AIRPORT, WA US",10/9/2024,5.82,,0,0,0,58,61,53,20,40,15,17,1,0,0,0,0
USW00024233,"SEATTLE TACOMA AIRPORT, WA US",10/10/2024,8.95,,0,0,0,54,59,47,20,10,17,19.9,0,0,0,0,0
USW00024233,"SEATTLE TACOMA AIRPORT, WA US",10/11/2024,4.25,,0,0,0,51,58,47,360,10,10.1,14.1,1,1,0,0,0
USW00024233,"SEATTLE TACOMA AIRPORT, WA US",10/12/2024,3.13,,0,0,0,53,66,45,310,70,8.9,15,1,1,0,0,0
USW00024233,"SEATTLE TACOMA AIRPORT, WA US",10/13/2024,5.82,,0,0,0,59,72,50,130,140,13,16.1,0,0,0,0,0
USW00024233,"SEATTLE TACOMA AIRPORT, WA US",10/14/2024,5.82,,0.02,0,0,61,66,55,220,220,14.1,21,1,0,0,0,1
USW00024233,"SEATTLE TACOMA AIRPORT, WA US",10/15/2024,6.71,,0.03,0,0,56,59,51,190,210,13,18.1,1,0,0,0,0
USW00024233,"SEATTLE TACOMA AIRPORT, WA US",10/16/2024,12.3,,0.04,0,0,55,61,47,230,250,21.9,34,1,0,0,0,0
USW00024233,"SEATTLE TACOMA AIRPORT, WA US",10/17/2024,6.04,,0.05,0,0,49,55,45,340,330,16.1,19,1,0,0,0,0
USW00024233,"SEATTLE TACOMA AIRPORT, WA US",10/18/2024,8.05,,0.07,0,0,48,53,44,180,80,17,25.1,1,0,0,0,0
USW00024233,"SEATTLE TACOMA AIRPORT, WA US",10/19/2024,14.32,,0.13,0,0,57,65,52,190,210,23.9,36,1,0,0,0,0
USW00024233,"SEATTLE TACOMA AIRPORT, WA US",10/20/2024,9.84,,0.03,0,0,61,66,50,200,190,25.9,42.9,1,0,0,0,0
USW00024233,"SEATTLE TACOMA AIRPORT, WA US",10/21/2024,6.71,,0.2,0,0,52,54,48,180,170,18.1,21.9,1,0,1,0,0
USW00024233,"SEATTLE TACOMA AIRPORT, WA US",10/22/2024,7.16,,0,0,0,50,57,44,190,180,15,19.9,0,0,0,0,0
USW00024233,"SEATTLE TACOMA AIRPORT, WA US",10/23/2024,4.25,,0,0,0,47,53,43,130,160,12.1,19,1,0,0,0,0
USW00024233,"SEATTLE TACOMA AIRPORT, WA US",10/24/2024,7.61,,0,0,0,48,55,45,20,20,16.1,21.9,0,0,0,0,0
USW00024233,"SEATTLE TACOMA AIRPORT, WA US",10/25/2024,8.95,,0.02,0,0,49,59,43,120,120,18.1,27.1,0,0,0,0,0
USW00024233,"SEATTLE TACOMA AIRPORT, WA US",10/26/2024,9.84,,0.38,0,0,56,61,53,190,170,28,35.1,1,0,0,0,0
USW00024233,"SEATTLE TACOMA AIRPORT, WA US",10/27/2024,13.65,,0.68,0,0,54,57,47,250,240,23,36.9,1,0,0,0,1
USW00024233,"SEATTLE TACOMA AIRPORT, WA US",10/28/2024,12.53,,0.01,0,0,50,55,47,200,210,21,27.1,0,0,0,0,0
USW00024233,"SEATTLE TACOMA AIRPORT, WA US",10/29/2024,6.93,,0,0,0,49,54,44,230,230,15,18.1,0,0,0,0,0
USW00024233,"SEATTLE TACOMA AIRPORT, WA US",10/30/2024,7.83,,0.23,0,0,47,51,42,140,140,19.9,33.1,1,0,0,0,0
USW00024233,"SEATTLE TACOMA AIRPORT, WA US",10/31/2024,6.04,,0.37,0,0,45,51,41,120,100,15,25.1,1,0,0,0,0
USW00024233,"SEATTLE TACOMA AIRPORT, WA US",11/1/2024,9.84,,0.59,0,0,47,51,45,120,120,17,25.9,1,0,0,0,0
USW00024233,"SEATTLE TACOMA AIRPORT, WA US",11/2/2024,8.05,,0.14,0,0,49,53,45,270,270,21,31.1,1,0,0,0,0
USW00024233,"SEATTLE TACOMA AIRPORT, WA US",11/3/2024,5.37,,0.01,0,0,47,52,45,200,200,15,19.9,1,0,0,0,1
USW00024233,"SEATTLE TACOMA AIRPORT, WA US",11/4/2024,13.87,,0.3,0,0,50,55,44,230,240,28,40.9,1,0,0,0,0
USW00024233,"SEATTLE TACOMA AIRPORT, WA US",11/5/2024,6.26,,0,0,0,47,53,42,20,40,14.1,18.1,0,0,0,0,0
USW00024233,"SEATTLE TACOMA AIRPORT, WA US",11/6/2024,3.58,,0,0,0,47,55,41,350,110,8.9,13,0,0,0,0,0
USW00024233,"SEATTLE TACOMA AIRPORT, WA US",11/7/2024,3.58,,0,0,0,47,59,38,140,140,10.1,13,0,0,0,0,1
USW00024233,"SEATTLE TACOMA AIRPORT, WA US",11/8/2024,6.93,,0,0,0,52,61,45,150,150,14.1,18.1,0,0,0,0,0
USW00024233,"SEATTLE TACOMA AIRPORT, WA US",11/9/2024,3.58,,0.06,0,0,51,53,47,170,190,10.1,14.1,1,0,0,0,0
USW00024233,"SEATTLE TACOMA AIRPORT, WA US",11/10/2024,5.59,,0.33,0,0,50,55,48,120,120,18.1,25.1,1,0,0,0,0
USW00024233,"SEATTLE TACOMA AIRPORT, WA US",11/11/2024,12.08,,0.73,0,0,51,52,47,210,220,21,31.1,1,0,0,0,0
USW00024233,"SEATTLE TACOMA AIRPORT, WA US",11/12/2024,11.86,,0.12,0,0,49,53,47,180,180,21.9,30,1,0,0,0,0
USW00024233,"SEATTLE TACOMA AIRPORT, WA US",11/13/2024,10.74,,0.47,0,0,51,55,48,190,200,21.9,33.1,1,0,0,0,0
USW00024233,"SEATTLE TACOMA AIRPORT, WA US",11/14/2024,11.41,,0.23,0,0,49,50,43,190,170,23.9,34,1,0,0,0,0
USW00024233,"SEATTLE TACOMA AIRPORT, WA US",11/15/2024,3.8,,0.06,0,0,44,48,37,280,150,8.9,14.1,1,0,0,0,0
USW00024233,"SEATTLE TACOMA AIRPORT, WA US",11/16/2024,8.05,,0.22,0,0,40,46,36,150,140,17,23,1,0,0,0,0
USW00024233,"SEATTLE TACOMA AIRPORT, WA US",11/17/2024,15.88,,0.03,0,0,46,49,40,200,220,23.9,36,1,0,0,0,0
USW00024233,"SEATTLE TACOMA AIRPORT, WA US",11/18/2024,10.96,,0.07,0,0,42,43,39,210,200,21,32,1,0,0,0,0
USW00024233,"SEATTLE TACOMA AIRPORT, WA US",11/19/2024,14.99,,0.27,0,0,40,48,36,120,120,40,57.9,1,0,0,0,0
USW00024233,"SEATTLE TACOMA AIRPORT, WA US",11/20/2024,10.51,,0.1,0,0,47,55,42,120,120,25.1,36,0,0,0,0,0
USW00024233,"SEATTLE TACOMA AIRPORT, WA US",11/21/2024,5.59,,0.01,0,0,46,50,41,60,60,10.1,14.1,0,0,0,0,0
USW00024233,"SEATTLE TACOMA AIRPORT, WA US",11/22/2024,12.97,,0.32,0,0,48,59,43,210,180,25.9,38.9,1,0,0,0,0
USW00024233,"SEATTLE TACOMA AIRPORT, WA US",11/23/2024,8.5,,0,0,0,47,50,41,200,210,16.1,21.9,0,0,0,0,0
USW00024233,"SEATTLE TACOMA AIRPORT, WA US",11/24/2024,7.38,,0.26,0,0,44,46,42,60,50,13,23,0,0,0,0,0
USW00024233,"SEATTLE TACOMA AIRPORT, WA US",11/25/2024,4.7,,0.49,0,0,45,48,43,10,20,12.1,13,1,0,1,0,0
USW00024233,"SEATTLE TACOMA AIRPORT, WA US",11/26/2024,4.7,,0,0,0,44,45,41,20,20,12.1,14.1,1,0,0,0,0
USW00024233,"SEATTLE TACOMA AIRPORT, WA US",11/27/2024,3.13,,0.05,0,0,43,45,37,230,290,8.9,15,1,1,0,0,0
USW00024233,"SEATTLE TACOMA AIRPORT, WA US",11/28/2024,3.36,,0,0,0,38,43,32,20,30,10.1,15,1,1,0,0,0
USW00024233,"SEATTLE TACOMA AIRPORT, WA US",11/29/2024,4.92,,0,0,0,37,43,34,150,160,10.1,14.1,1,1,0,0,0
USW00024233,"SEATTLE TACOMA AIRPORT, WA US",11/30/2024,4.47,,0,0,0,38,44,34,140,150,10.1,13,0,0,0,0,0
USW00024233,"SEATTLE TACOMA AIRPORT, WA US",12/1/2024,5.37,,0,0,0,40,48,33,40,30,13,17,1,1,0,0,0
USW00024233,"SEATTLE TACOMA AIRPORT, WA US",12/2/2024,3.8,1008,0,0,0,37,56,30,20,70,8.9,15,0,0,0,0,0
USW00024233,"SEATTLE TACOMA AIRPORT, WA US",12/3/2024,4.7, 0631,0,0,0,36,43,28,40,30,10.1,14.1,0,0,0,0,0
USW00024233,"SEATTLE TACOMA AIRPORT, WA US",12/4/2024,3.8,2012,0,0,0,32,38,29,150,150,14.1,21,0,0,0,0,0
USW00024233,"SEATTLE TACOMA AIRPORT, WA US",12/5/2024,4.25,1846,0,0,0,37,51,30,120,130,12.1,16.1,0,0,0,0,0
USW00024233,"SEATTLE TACOMA AIRPORT, WA US",12/6/2024,4.92,1838,0,0,0,44,49,37,150,160,14.1,19,0,0,0,0,0
USW00024233,"SEATTLE TACOMA AIRPORT, WA US",12/7/2024,12.75,1530,0.55,0,0,48,51,44,210,200,25.1,36,0,0,0,0,0
USW00024233,"SEATTLE TACOMA AIRPORT, WA US",12/8/2024,8.5, 0222,0.04,0,0,45,47,42,200,190,19.9,29.1,0,0,0,0,0
USW00024233,"SEATTLE TACOMA AIRPORT, WA US",12/9/2024,5.59,1434,0,0,0,44,48,36,30,340,12.1,15,1,0,0,0,0
USW00024233,"SEATTLE TACOMA AIRPORT, WA US",12/10/2024,5.59,1815,0,0,0,38,44,32,20,20,14.1,17,0,0,0,0,0
USW00024233,"SEATTLE TACOMA AIRPORT, WA US",12/11/2024,4.03,2002,0,0,0,40,52,36,90,70,12.1,17,0,0,0,0,0
USW00024233,"SEATTLE TACOMA AIRPORT, WA US",12/12/2024,5.82, 0628,0.03,0,0,43,46,36,110,120,13,17,0,0,0,0,0
USW00024233,"SEATTLE TACOMA AIRPORT, WA US",12/13/2024,9.62,1720,0.52,0,0,43,46,41,120,130,21,27.1,0,0,0,0,0
USW00024233,"SEATTLE TACOMA AIRPORT, WA US",12/14/2024,17,1152,0.12,0,0,46,50,39,190,190,36,47,0,0,0,0,0
USW00024233,"SEATTLE TACOMA AIRPORT, WA US",12/15/2024,10.07, 0108,0,0,0,42,47,39,200,200,21.9,29.1,0,0,0,0,0
USW00024233,"SEATTLE TACOMA AIRPORT, WA US",12/16/2024,7.16,1057,0.23,0,0,43,49,39,120,120,15,19.9,1,0,0,0,0
USW00024233,"SEATTLE TACOMA AIRPORT, WA US",12/17/2024,9.84,1117,0.88,0,0,44,56,42,180,70,16.1,25.9,0,0,0,0,0
USW00024233,"SEATTLE TACOMA AIRPORT, WA US",12/18/2024,14.09, 0511,0.33,0,0,50,55,46,210,220,35.1,55.9,0,0,0,0,0
USW00024233,"SEATTLE TACOMA AIRPORT, WA US",12/19/2024,4.47, 0850,0.21,0,0,49,55,44,170,90,15,21.9,0,0,0,0,0
USW00024233,"SEATTLE TACOMA AIRPORT, WA US",12/20/2024,5.82,1207,0,0,0,51,59,45,240,270,15,23,0,0,0,0,0
USW00024233,"SEATTLE TACOMA AIRPORT, WA US",12/21/2024,8.95,1435,0.31,0,0,50,58,44,230,250,21.9,29.1,0,0,0,0,0
USW00024233,"SEATTLE TACOMA AIRPORT, WA US",12/22/2024,10.51,2322,0.3,0,0,46,53,43,190,170,18.1,25.1,0,0,0,0,0
USW00024233,"SEATTLE TACOMA AIRPORT, WA US",12/23/2024,10.51,1936,0.08,0,0,49,55,45,120,110,25.9,38.9,0,0,0,0,0
USW00024233,"SEATTLE TACOMA AIRPORT, WA US",12/24/2024,11.18,1309,0.03,0,0,50,51,40,220,240,19.9,27.1,0,0,0,0,0
USW00024233,"SEATTLE TACOMA AIRPORT, WA US",12/25/2024,10.29,2135,0.86,0,0,43,45,38,120,80,18.1,30,0,0,0,0,0
USW00024233,"SEATTLE TACOMA AIRPORT, WA US",12/26/2024,14.99, 0809,0.16,0,0,45,51,43,210,220,31.1,49,0,0,0,0,0
USW00024233,"SEATTLE TACOMA AIRPORT, WA US",12/27/2024,7.61,1335,0.55,0,0,45,48,43,220,220,19.9,27.1,0,0,0,0,0
USW00024233,"SEATTLE TACOMA AIRPORT, WA US",12/28/2024,14.99,1426,0.18,0,0,47,50,45,220,220,23,35.1,0,0,0,0,0
USW00024233,"SEATTLE TACOMA AIRPORT, WA US",12/29/2024,7.83,1417,0.11,0,0,45,47,39,230,240,18.1,28,0,0,0,0,0
USW00024233,"SEATTLE TACOMA AIRPORT, WA US",12/30/2024,10.51,1211,0,0,0,42,45,39,200,190,18.1,25.1,0,0,0,0,0
USW00024233,"SEATTLE TACOMA AIRPORT, WA US",12/31/2024,5.37,1730,0,0,0,41,45,35,100,100,10.1,16.1,0,0,0,0,0
USW00024233,"SEATTLE TACOMA AIRPORT, WA US",1/1/2025,4.47, 0601,0.04,0,0,41,44,37,120,120,10.1,14.1,0,0,0,0,0
USW00024233,"SEATTLE TACOMA AIRPORT, WA US",1/2/2025,6.49, 0838,0.05,0,0,42,45,38,110,90,14.1,21,0,0,0,0,0
USW00024233,"SEATTLE TACOMA AIRPORT, WA US",1/3/2025,8.5,1502,0.48,0,0,43,46,39,60,130,16.1,27.1,0,0,0,0,0
USW00024233,"SEATTLE TACOMA AIRPORT, WA US",1/4/2025,7.16,1627,0.24,0,0,43,47,38,160,170,16.1,21.9,0,0,0,0,0
USW00024233,"SEATTLE TACOMA AIRPORT, WA US",1/5/2025,7.61, 0650,0,0,0,46,49,44,230,210,16.1,23,0,0,0,0,0
USW00024233,"SEATTLE TACOMA AIRPORT, WA US",1/6/2025,7.38, 0408,0,0,0,45,46,41,10,360,17,23,0,0,0,0,0
USW00024233,"SEATTLE TACOMA AIRPORT, WA US",1/7/2025,4.7,1529,0.01,0,0,41,44,38,170,160,12.1,14.1,0,0,0,0,0
USW00024233,"SEATTLE TACOMA AIRPORT, WA US",1/8/2025,5.82,1833,0.04,0,0,44,50,41,360,360,13,16.1,0,0,0,0,0
USW00024233,"SEATTLE TACOMA AIRPORT, WA US",1/9/2025,4.7,2127,0,0,0,44,52,38,130,70,13,23,0,0,0,0,0
USW00024233,"SEATTLE TACOMA AIRPORT, WA US",1/10/2025,7.61, 0522,0.14,,,45,48,42,200,200,16.1,23,0,0,0,0,0
USW00024233,"SEATTLE TACOMA AIRPORT, WA US",1/11/2025,4.92, 0908,0,0,,43,46,36,150,160,10.1,14.1,0,0,0,0,0
USW00024233,"SEATTLE TACOMA AIRPORT, WA US",1/12/2025,4.25,2139,0.01,,,40,43,35,50,30,12.1,19.9,0,0,0,0,0
USW00024233,"SEATTLE TACOMA AIRPORT, WA US",1/13/2025,3.58, 0704,0,0,0,38,41,32,130,150,8.9,17,0,0,0,0,0
USW00024233,"SEATTLE TACOMA AIRPORT, WA US",1/14/2025,4.47,1410,0,0,0,37,41,34,120,10,10.1,14.1,0,1,0,0,0
USW00024233,"SEATTLE TACOMA AIRPORT, WA US",1/15/2025,3.8,2343,0,0,0,38,41,35,140,130,10.1,13,0,0,0,0,0
USW00024233,"SEATTLE TACOMA AIRPORT, WA US",1/16/2025,4.92, 0706,0.03,0,0,37,43,33,140,60,14.1,21.9,0,0,0,0,0
USW00024233,"SEATTLE TACOMA AIRPORT, WA US",1/17/2025,4.7,1441,0,0,0,39,43,32,20,360,13,16.1,0,0,0,0,0
USW00024233,"SEATTLE TACOMA AIRPORT, WA US",1/18/2025,5.59,1919,0,0,0,35,43,27,30,20,14.1,18.1,0,0,0,0,0
USW00024233,"SEATTLE TACOMA AIRPORT, WA US",1/19/2025,7.16,1424,0,0,0,35,42,28,30,10,16.1,21.9,0,0,0,0,0
USW00024233,"SEATTLE TACOMA AIRPORT, WA US",1/20/2025,6.49, 0148,0,0,0,37,43,28,100,60,12.1,17,0,0,0,0,0
USW00024233,"SEATTLE TACOMA AIRPORT, WA US",1/21/2025,3.58, 0720,0,0,0,35,43,26,140,110,8.9,17,0,0,0,0,0
USW00024233,"SEATTLE TACOMA AIRPORT, WA US",1/22/2025,6.71,1351,0,0,0,35,44,27,40,20,15,19.9,0,0,0,0,0
USW00024233,"SEATTLE TACOMA AIRPORT, WA US",1/23/2025,4.7,1653,0,0,0,35,42,26,20,30,13,18.1,0,0,0,0,0
USW00024233,"SEATTLE TACOMA AIRPORT, WA US",1/24/2025,9.17,2348,0,0,0,40,43,32,50,40,17,23,0,0,0,0,0
USW00024233,"SEATTLE TACOMA AIRPORT, WA US",1/25/2025,12.3,1632,0,0,0,37,44,29,20,20,19.9,23.9,0,0,0,0,0
USW00024233,"SEATTLE TACOMA AIRPORT, WA US",1/26/2025,3.58,2028,0,0,0,35,44,26,30,20,10.1,17,0,0,0,0,0
USW00024233,"SEATTLE TACOMA AIRPORT, WA US",1/27/2025,6.26,1022,0,0,0,36,47,29,20,30,12.1,15,0,0,0,0,0
USW00024233,"SEATTLE TACOMA AIRPORT, WA US",1/28/2025,3.36,1032,0,0,0,36,47,26,50,10,8.9,12.1,0,0,0,0,0
USW00024233,"SEATTLE TACOMA AIRPORT, WA US",1/29/2025,3.36,1331,0,0,0,37,47,28,220,210,12.1,16.1,0,0,0,0,0
USW00024233,"SEATTLE TACOMA AIRPORT, WA US",1/30/2025,8.5,1629,0.17,0,0,38,43,32,140,150,15,21.9,0,0,0,0,0
USW00024233,"SEATTLE TACOMA AIRPORT, WA US",1/31/2025,11.63,2132,0.71,0,0,43,50,39,210,220,29.1,40.9,0,0,0,0,0
USW00024233,"SEATTLE TACOMA AIRPORT, WA US",2/1/2025,13.65,,0.17,0,0,40,40,33,200,200,25.1,36,1,0,0,0,0
USW00024233,"SEATTLE TACOMA AIRPORT, WA US",2/2/2025,10.74,,0.2,1.2,0,34,36,31,190,190,19.9,25.1,1,0,0,0,0
USW00024233,"SEATTLE TACOMA AIRPORT, WA US",2/3/2025,7.61,,0.02,0,1.2,34,39,31,150,70,14.1,21,1,0,0,0,0
USW00024233,"SEATTLE TACOMA AIRPORT, WA US",2/4/2025,8.05,,0,0,0,34,42,30,20,30,15,18.1,1,0,0,0,0
USW00024233,"SEATTLE TACOMA AIRPORT, WA US",2/5/2025,8.28,,0.09,1.1,1.2,34,39,29,190,200,19.9,27.1,1,0,0,0,0
USW00024233,"SEATTLE TACOMA AIRPORT, WA US",2/6/2025,11.63,,0.04,0,0,36,39,30,30,30,23,29.1,1,0,0,0,0
USW00024233,"SEATTLE TACOMA AIRPORT, WA US",2/7/2025,7.83,,0,0,0,33,39,28,20,30,16.1,21,0,0,0,0,0
USW00024233,"SEATTLE TACOMA AIRPORT, WA US",2/8/2025,3.58,,0.07,0,0,36,38,33,60,120,8.9,12.1,1,0,0,0,0
USW00024233,"SEATTLE TACOMA AIRPORT, WA US",2/9/2025,5.82,,0,0,0,36,40,31,30,30,10.1,13,1,0,0,0,0
USW00024233,"SEATTLE TACOMA AIRPORT, WA US",2/10/2025,8.5,,0,0,0,35,40,29,20,360,21,25.1,0,0,0,0,0
USW00024233,"SEATTLE TACOMA AIRPORT, WA US",2/11/2025,7.38,,0,0,0,30,36,23,10,20,15,23.9,0,0,0,0,0
USW00024233,"SEATTLE TACOMA AIRPORT, WA US",2/12/2025,7.61,,0,0,0,30,42,20,100,80,16.1,25.1,0,0,0,0,0
USW00024233,"SEATTLE TACOMA AIRPORT, WA US",2/13/2025,11.63,,0,0,0,34,36,29,120,130,21.9,34,0,0,0,0,0
USW00024233,"SEATTLE TACOMA AIRPORT, WA US",2/14/2025,6.49,,0.04,0,0,34,40,31,200,190,15,19,1,0,0,0,0
USW00024233,"SEATTLE TACOMA AIRPORT, WA US",2/15/2025,5.82,,0.06,0,0,39,43,37,100,100,12.1,17,1,0,0,0,0
USW00024233,"SEATTLE TACOMA AIRPORT, WA US",2/16/2025,8.5,,0.18,0,0,42,52,39,220,120,15,25.1,1,0,0,0,0
USW00024233,"SEATTLE TACOMA AIRPORT, WA US",2/17/2025,6.49,,0.22,0,0,44,47,42,240,160,12.1,17,1,0,0,0,0
USW00024233,"SEATTLE TACOMA AIRPORT, WA US",2/18/2025,5.14,,0,0,0,46,53,42,120,130,16.1,23,1,0,0,0,0
USW00024233,"SEATTLE TACOMA AIRPORT, WA US",2/19/2025,16.33,,0.14,0,0,48,51,44,210,220,25.9,38,1,0,0,0,0
USW00024233,"SEATTLE TACOMA AIRPORT, WA US",2/20/2025,8.05,,0.03,0,0,45,49,42,200,200,21.9,30,1,0,0,0,0
USW00024233,"SEATTLE TACOMA AIRPORT, WA US",2/21/2025,5.14,,0.28,0,0,45,50,39,140,150,17,30,1,0,0,0,0
USW00024233,"SEATTLE TACOMA AIRPORT, WA US",2/22/2025,8.05,,0.8,0,0,47,55,45,220,200,17,25.9,1,0,0,0,0
USW00024233,"SEATTLE TACOMA AIRPORT, WA US",2/23/2025,9.62,,0.42,0,0,49,53,46,220,220,25.9,42.9,1,0,0,0,0
USW00024233,"SEATTLE TACOMA AIRPORT, WA US",2/24/2025,10.96,,0.45,0,0,48,52,43,160,260,28,47,1,0,0,0,0
USW00024233,"SEATTLE TACOMA AIRPORT, WA US",2/25/2025,18.79,,0.27,0,0,47,50,41,180,170,36,52.1,1,0,0,0,0
USW00024233,"SEATTLE TACOMA AIRPORT, WA US",2/26/2025,5.82,,0,0,0,45,60,34,120,130,14.1,19.9,0,0,0,0,0
USW00024233,"SEATTLE TACOMA AIRPORT, WA US",2/27/2025,6.49,,0,0,0,52,63,39,140,150,14.1,19,0,0,0,0,0
USW00024233,"SEATTLE TACOMA AIRPORT, WA US",2/28/2025,5.37,,0,0,0,49,60,39,40,50,14.1,17,1,0,0,0,0
USW00024233,"SEATTLE TACOMA AIRPORT, WA US",3/1/2025,5.59,,0,0,0,48,62,37,210,200,15,19,1,1,0,0,0
USW00024233,"SEATTLE TACOMA AIRPORT, WA US",3/2/2025,4.92,,0,0,0,49,51,44,360,350,14.1,18.1,0,0,0,0,0
USW00024233,"SEATTLE TACOMA AIRPORT, WA US",3/3/2025,7.16,,0.02,0,0,47,51,43,200,200,14.1,19,1,0,0,0,0
USW00024233,"SEATTLE TACOMA AIRPORT, WA US",3/4/2025,6.71,,0.21,0,0,45,49,41,210,210,17,25.9,1,0,0,0,0
USW00024233,"SEATTLE TACOMA AIRPORT, WA US",3/5/2025,8.28,,0,0,0,45,53,38,200,190,17,23,0,0,0,0,0
USW00024233,"SEATTLE TACOMA AIRPORT, WA US",3/6/2025,5.37,,0,0,0,44,52,38,20,10,16.1,19.9,0,0,0,0,0
USW00024233,"SEATTLE TACOMA AIRPORT, WA US",3/7/2025,8.05,,0,0,0,43,51,36,230,230,17,23.9,0,0,0,0,0
USW00024233,"SEATTLE TACOMA AIRPORT, WA US",3/8/2025,7.61,,0.03,0,0,47,55,42,210,210,18.1,25.1,1,0,0,0,1
USW00024233,"SEATTLE TACOMA AIRPORT, WA US",3/9/2025,11.41,,0.4,0,0,50,54,38,210,210,23.9,33.1,1,0,0,0,0
USW00024233,"SEATTLE TACOMA AIRPORT, WA US",3/10/2025,5.59,,0.02,0,0,41,45,38,160,130,10.1,15,1,0,0,0,0
USW00024233,"SEATTLE TACOMA AIRPORT, WA US",3/11/2025,5.59,,0,0,0,43,51,38,140,130,10.1,14.1,0,0,0,0,0
USW00024233,"SEATTLE TACOMA AIRPORT, WA US",3/12/2025,7.16,,0.38,0,0,45,51,41,160,130,16.1,21,1,0,0,0,0
USW00024233,"SEATTLE TACOMA AIRPORT, WA US",3/13/2025,11.63,,0.35,0,0,43,48,35,210,250,23.9,33.1,1,0,0,1,0
USW00024233,"SEATTLE TACOMA AIRPORT, WA US",3/14/2025,6.26,,0.02,0,0,40,49,34,170,70,14.1,18.1,0,0,0,0,0
USW00024233,"SEATTLE TACOMA AIRPORT, WA US",3/15/2025,13.87,,0.82,0,0,44,48,39,200,210,28,40,1,0,0,0,0
USW00024233,"SEATTLE TACOMA AIRPORT, WA US",3/16/2025,9.62,,0.11,0,0,41,50,38,200,220,21.9,29.1,1,0,0,0,0
USW00024233,"SEATTLE TACOMA AIRPORT, WA US",3/17/2025,8.95,,0.15,0,0,43,51,35,210,210,21.9,28,1,0,0,0,0
USW00024233,"SEATTLE TACOMA AIRPORT, WA US",3/18/2025,6.71,,0,0,0,40,50,34,190,180,13,19,0,0,0,0,0
USW00024233,"SEATTLE TACOMA AIRPORT, WA US",3/19/2025,12.75,,0,0,0,47,55,42,210,200,29.1,38.9,0,0,0,0,0
USW00024233,"SEATTLE TACOMA AIRPORT, WA US",3/20/2025,13.42,,0.43,0,0,46,49,41,200,220,21.9,29.1,1,0,0,0,0
USW00024233,"SEATTLE TACOMA AIRPORT, WA US",3/21/2025,12.75,,0.23,0,0,46,52,39,210,210,25.9,38,1,0,0,0,0
USW00024233,"SEATTLE TACOMA AIRPORT, WA US",3/22/2025,7.83,,0.02,0,0,44,53,40,210,200,15,19.9,0,0,0,0,0
USW00024233,"SEATTLE TACOMA AIRPORT, WA US",3/23/2025,12.08,,0.82,0,0,47,54,43,190,200,23,31.1,1,0,0,0,0
USW00024233,"SEATTLE TACOMA AIRPORT, WA US",3/24/2025,8.95,,0.06,0,0,52,56,50,200,190,17,23.9,1,0,0,0,0
USW00024233,"SEATTLE TACOMA AIRPORT, WA US",3/25/2025,4.7,,0,0,0,57,73,50,350,360,13,15,1,1,0,0,0
USW00024233,"SEATTLE TACOMA AIRPORT, WA US",3/26/2025,8.05,,0.58,0,0,56,65,49,250,230,23.9,32,1,1,1,0,0
USW00024233,"SEATTLE TACOMA AIRPORT, WA US",3/27/2025,8.28,,0.07,0,0,54,60,47,210,200,23,33.1,1,0,0,0,0
USW00024233,"SEATTLE TACOMA AIRPORT, WA US",3/28/2025,8.72,,0.35,0,0,50,53,42,220,220,21.9,30,1,0,0,0,0
USW00024233,"SEATTLE TACOMA AIRPORT, WA US",3/29/2025,6.26,,0,0,0,47,56,41,230,200,14.1,19,0,0,0,0,0
USW00024233,"SEATTLE TACOMA AIRPORT, WA US",3/30/2025,12.53,,0.04,0,0,50,63,40,120,100,29.1,44.1,0,0,0,0,0
USW00024233,"SEATTLE TACOMA AIRPORT, WA US",3/31/2025,7.83,,0.05,0,0,49,53,42,280,270,17,23,0,0,0,0,0
USW00024233,"SEATTLE TACOMA AIRPORT, WA US",4/1/2025,6.49,,0.05,0,0,45,51,42,200,200,15,19.9,1,0,0,0,0
USW00024233,"SEATTLE TACOMA AIRPORT, WA US",4/2/2025,7.16,,0.07,0,0,46,53,41,270,240,16.1,23,1,0,0,0,0
USW00024233,"SEATTLE TACOMA AIRPORT, WA US",4/3/2025,4.25,,0,0,0,46,56,40,20,20,10.1,14.1,0,0,0,0,0
USW00024233,"SEATTLE TACOMA AIRPORT, WA US",4/4/2025,4.7,,0,0,0,49,65,39,30,310,12.1,16.1,0,0,0,0,0
USW00024233,"SEATTLE TACOMA AIRPORT, WA US",4/5/2025,3.8,,0,0,0,56,70,43,220,290,10.1,16.1,0,0,0,0,0
USW00024233,"SEATTLE TACOMA AIRPORT, WA US",4/6/2025,4.92,,0.47,0,0,56,57,48,250,230,14.1,19,1,0,0,0,0
USW00024233,"SEATTLE TACOMA AIRPORT, WA US",4/7/2025,9.62,,0.52,0,0,50,58,45,240,230,19.9,28,1,0,0,0,0
USW00024233,"SEATTLE TACOMA AIRPORT, WA US",4/8/2025,10.74,,0.48,0,0,47,56,45,180,170,30,40.9,1,0,0,0,1
USW00024233,"SEATTLE TACOMA AIRPORT, WA US",4/9/2025,5.82,,0,0,0,48,60,40,60,210,10.1,15,0,0,0,0,0
USW00024233,"SEATTLE TACOMA AIRPORT, WA US",4/10/2025,8.28,,0.33,0,0,53,59,46,230,230,25.1,42.1,1,0,0,0,0
USW00024233,"SEATTLE TACOMA AIRPORT, WA US",4/11/2025,7.61,,0,0,0,48,55,42,200,220,15,19.9,0,0,0,0,0
USW00024233,"SEATTLE TACOMA AIRPORT, WA US",4/12/2025,7.61,,0.03,0,0,47,55,41,60,50,16.1,19.9,0,0,0,0,0
USW00024233,"SEATTLE TACOMA AIRPORT, WA US",4/13/2025,8.5,,0,0,0,49,61,37,350,350,15,19,0,0,0,0,0
USW00024233,"SEATTLE TACOMA AIRPORT, WA US",4/14/2025,12.75,,0,0,0,53,67,43,350,350,19.9,25.9,0,0,0,0,0
USW00024233,"SEATTLE TACOMA AIRPORT, WA US",4/15/2025,8.5,,0,0,0,56,66,46,20,330,15,21.9,0,0,0,0,0
USW00024233,"SEATTLE TACOMA AIRPORT, WA US",4/16/2025,10.96,,0,0,0,54,61,45,360,350,23,32,0,0,0,0,0
USW00024233,"SEATTLE TACOMA AIRPORT, WA US",4/17/2025,8.28,,0,0,0,55,65,43,340,340,23,31.1,0,0,0,0,0
USW00024233,"SEATTLE TACOMA AIRPORT, WA US",4/18/2025,4.92,,0,0,0,56,71,43,40,40,16.1,19.9,0,0,0,0,0
USW00024233,"SEATTLE TACOMA AIRPORT, WA US",4/19/2025,7.83,,0.03,0,0,56,59,47,230,220,17,21.9,1,0,0,0,0
USW00024233,"SEATTLE TACOMA AIRPORT, WA US",4/20/2025,9.4,,0.38,0,0,50,58,45,210,240,21,28,1,0,0,0,0
USW00024233,"SEATTLE TACOMA AIRPORT, WA US",4/21/2025,6.71,,0,0,0,48,57,43,220,230,15,21,0,0,0,0,0
USW00024233,"SEATTLE TACOMA AIRPORT, WA US",4/22/2025,6.93,,0,0,0,50,60,40,340,320,16.1,25.1,0,0,0,0,0
USW00024233,"SEATTLE TACOMA AIRPORT, WA US",4/23/2025,6.71,,0,0,0,52,66,43,350,20,13,18.1,0,0,0,0,0
USW00024233,"SEATTLE TACOMA AIRPORT, WA US",4/24/2025,8.5,,0,0,0,56,72,43,30,20,17,23,0,0,0,0,0
USW00024233,"SEATTLE TACOMA AIRPORT, WA US",4/25/2025,8.28,,0,0,0,60,71,47,340,10,17,23.9,0,0,0,0,0
USW00024233,"SEATTLE TACOMA AIRPORT, WA US",4/26/2025,7.83,,0,0,0,56,62,46,220,250,13,18.1,0,0,0,0,0
USW00024233,"SEATTLE TACOMA AIRPORT, WA US",4/27/2025,8.28,,0,0,0,51,58,44,160,200,13,18.1,0,0,0,0,0
USW00024233,"SEATTLE TACOMA AIRPORT, WA US",4/28/2025,9.17,,0.07,0,0,51,55,46,190,250,14.1,21.9,0,0,0,0,0
USW00024233,"SEATTLE TACOMA AIRPORT, WA US",4/29/2025,8.28,,0.12,0,0,51,59,47,200,190,15,19.9,1,0,0,0,1
USW00024233,"SEATTLE TACOMA AIRPORT, WA US",4/30/2025,4.92,,0,0,0,50,61,43,280,290,14.1,21,0,0,0,0,0
USW00024233,"SEATTLE TACOMA AIRPORT, WA US",5/1/2025,4.92,,0,0,0,55,76,43,290,310,8.9,13,0,0,0,0,0
USW00024233,"SEATTLE TACOMA AIRPORT, WA US",5/2/2025,10.51,,0,0,0,61,69,50,220,240,21,30,0,0,0,0,0
USW00024233,"SEATTLE TACOMA AIRPORT, WA US",5/3/2025,5.59,,0,0,0,52,57,45,320,320,16.1,25.1,0,0,0,0,0
USW00024233,"SEATTLE TACOMA AIRPORT, WA US",5/4/2025,7.38,,0,0,0,50,61,42,340,330,17,23.9,0,0,0,0,0
USW00024233,"SEATTLE TACOMA AIRPORT, WA US",5/5/2025,6.26,,0,0,0,54,70,42,350,360,14.1,21,0,0,0,0,0
USW00024233,"SEATTLE TACOMA AIRPORT, WA US",5/6/2025,4.03,,0,0,0,61,77,48,40,30,12.1,15,0,0,0,0,0
USW00024233,"SEATTLE TACOMA AIRPORT, WA US",5/7/2025,10.96,,0,0,0,62,66,46,220,220,21,32,0,0,0,0,0
USW00024233,"SEATTLE TACOMA AIRPORT, WA US",5/8/2025,7.83,,0,0,0,52,63,43,300,310,16.1,21.9,0,0,0,0,0
USW00024233,"SEATTLE TACOMA AIRPORT, WA US",5/9/2025,7.16,,0,0,0,56,70,44,340,340,14.1,18.1,0,0,0,0,0
USW00024233,"SEATTLE TACOMA AIRPORT, WA US",5/10/2025,6.93,,0,0,0,56,63,49,250,240,16.1,23,0,0,0,0,0
USW00024233,"SEATTLE TACOMA AIRPORT, WA US",5/11/2025,6.49,,0.02,0,0,56,62,49,200,210,21,28,0,0,0,0,0
USW00024233,"SEATTLE TACOMA AIRPORT, WA US",5/12/2025,8.05,,0,0,0,54,67,45,280,360,18.1,28,0,0,0,0,0
USW00024233,"SEATTLE TACOMA AIRPORT, WA US",5/13/2025,9.84,,0,0,0,54,60,48,200,200,15,21.9,1,0,0,0,0
USW00024233,"SEATTLE TACOMA AIRPORT, WA US",5/14/2025,10.96,,0.02,0,0,53,62,49,220,220,17,23.9,1,0,0,0,0
USW00024233,"SEATTLE TACOMA AIRPORT, WA US",5/15/2025,9.17,,0.11,0,0,51,56,44,200,200,15,19.9,1,0,0,0,0
USW00024233,"SEATTLE TACOMA AIRPORT, WA US",5/16/2025,6.26,,0.03,0,0,50,59,48,200,190,12.1,15,1,0,0,0,0
USW00024233,"SEATTLE TACOMA AIRPORT, WA US",5/17/2025,7.16,,0.18,0,0,55,62,48,220,210,19.9,28,1,0,0,0,0
USW00024233,"SEATTLE TACOMA AIRPORT, WA US",5/18/2025,10.07,,0,0,0,52,62,45,220,220,17,23.9,0,0,0,0,0
USW00024233,"SEATTLE TACOMA AIRPORT, WA US",5/19/2025,13.65,,0.24,0,0,53,61,47,220,200,25.1,36.9,1,0,0,0,0
USW00024233,"SEATTLE TACOMA AIRPORT, WA US",5/20/2025,12.75,,0,0,0,52,60,47,220,210,21,28,0,0,0,0,0
USW00024233,"SEATTLE TACOMA AIRPORT, WA US",5/21/2025,6.93,,0,0,0,53,62,49,290,270,14.1,19.9,0,0,0,0,0
USW00024233,"SEATTLE TACOMA AIRPORT, WA US",5/22/2025,6.04,,0.05,0,0,56,68,49,210,210,14.1,18.1,0,0,0,0,0
USW00024233,"SEATTLE TACOMA AIRPORT, WA US",5/23/2025,7.16,,0,0,0,57,67,49,50,280,14.1,21.9,0,0,0,0,0
USW00024233,"SEATTLE TACOMA AIRPORT, WA US",5/24/2025,5.59,,0,0,0,58,76,47,210,20,10.1,15,0,0,0,0,0
USW00024233,"SEATTLE TACOMA AIRPORT, WA US",5/25/2025,9.17,,0,0,0,61,69,50,220,180,15,23,0,0,0,0,0
USW00024233,"SEATTLE TACOMA AIRPORT, WA US",5/26/2025,8.72,,0.06,0,0,59,67,51,210,200,17,27.1,1,0,0,0,0
USW00024233,"SEATTLE TACOMA AIRPORT, WA US",5/27/2025,7.16,,0,0,0,59,75,48,10,360,16.1,21.9,0,0,0,0,0
USW00024233,"SEATTLE TACOMA AIRPORT, WA US",5/28/2025,9.62,,0,0,0,67,81,54,210,210,17,28,0,0,0,0,0
USW00024233,"SEATTLE TACOMA AIRPORT, WA US",5/29/2025,10.07,,0.1,0,0,61,69,54,220,200,18.1,25.1,1,0,0,0,0
USW00024233,"SEATTLE TACOMA AIRPORT, WA US",5/30/2025,6.49,,0,0,0,60,77,50,300,290,13,17,0,0,0,0,0
USW00024233,"SEATTLE TACOMA AIRPORT, WA US",5/31/2025,9.17,,0.02,0,0,62,64,52,30,20,18.1,23.9,1,0,0,0,0
USW00024233,"SEATTLE TACOMA AIRPORT, WA US",6/1/2025,8.28,,0,0,0,55,67,47,290,280,15,21,0,0,0,0,0
USW00024233,"SEATTLE TACOMA AIRPORT, WA US",6/2/2025,7.61,,0,0,0,59,71,48,20,350,16.1,19.9,0,0,0,0,0
USW00024233,"SEATTLE TACOMA AIRPORT, WA US",6/3/2025,4.92,,0,0,0,61,74,51,280,280,12.1,17,0,0,0,0,0
USW00024233,"SEATTLE TACOMA AIRPORT, WA US",6/4/2025,5.82,,0,0,0,61,67,54,210,230,14.1,19.9,0,0,0,0,0
USW00024233,"SEATTLE TACOMA AIRPORT, WA US",6/5/2025,7.16,,0,0,0,60,77,51,350,350,15,21,1,0,0,0,0
USW00024233,"SEATTLE TACOMA AIRPORT, WA US",6/6/2025,5.82,,0,0,0,68,79,57,350,320,13,17,0,0,0,0,0
USW00024233,"SEATTLE TACOMA AIRPORT, WA US",6/7/2025,6.93,,0,0,0,67,81,55,340,330,16.1,23,0,0,0,0,0
USW00024233,"SEATTLE TACOMA AIRPORT, WA US",6/8/2025,7.16,,0,0,0,74,90,61,30,350,14.1,18.1,0,0,0,0,0
USW00024233,"SEATTLE TACOMA AIRPORT, WA US",6/9/2025,6.93,,0,0,0,76,87,61,360,350,15,19,0,0,0,0,0
USW00024233,"SEATTLE TACOMA AIRPORT, WA US",6/10/2025,5.82,,0,0,0,68,81,53,320,290,12.1,17,0,0,0,0,1
USW00024233,"SEATTLE TACOMA AIRPORT, WA US",6/11/2025,11.18,,0,0,0,63,69,51,230,180,18.1,28,0,0,0,0,0
USW00024233,"SEATTLE TACOMA AIRPORT, WA US",6/12/2025,6.93,,0,0,0,56,66,51,210,220,17,21.9,0,0,0,0,0
USW00024233,"SEATTLE TACOMA AIRPORT, WA US",6/13/2025,8.05,,0,0,0,56,64,50,220,260,15,25.9,0,0,0,0,0
USW00024233,"SEATTLE TACOMA AIRPORT, WA US",6/14/2025,7.83,,0,0,0,56,68,49,20,360,14.1,21,0,0,0,0,0
USW00024233,"SEATTLE TACOMA AIRPORT, WA US",6/15/2025,8.5,,0,0,0,59,71,52,300,320,15,21.9,0,0,0,0,0
USW00024233,"SEATTLE TACOMA AIRPORT, WA US",6/16/2025,4.92,,0,0,0,61,74,50,220,240,12.1,17,0,0,0,0,0
USW00024233,"SEATTLE TACOMA AIRPORT, WA US",6/17/2025,7.38,,0,0,0,62,73,50,250,260,13,19,0,0,0,0,0
USW00024233,"SEATTLE TACOMA AIRPORT, WA US",6/18/2025,10.51,,0,0,0,64,69,55,210,210,21.9,32,0,0,0,0,0
USW00024233,"SEATTLE TACOMA AIRPORT, WA US",6/19/2025,6.71,,0,0,0,60,69,50,280,280,14.1,18.1,0,0,0,0,0
USW00024233,"SEATTLE TACOMA AIRPORT, WA US",6/20/2025,9.62,,0,0,0,57,63,51,200,230,16.1,23,0,0,0,0,0
USW00024233,"SEATTLE TACOMA AIRPORT, WA US",6/21/2025,9.4,,0.35,0,0,54,58,50,190,170,16.1,23,1,0,0,0,0
USW00024233,"SEATTLE TACOMA AIRPORT, WA US",6/22/2025,6.49,,0,0,0,58,68,53,230,280,13,19,1,0,0,0,0
USW00024233,"SEATTLE TACOMA AIRPORT, WA US",6/23/2025,6.71,,0,0,0,62,77,53,290,280,13,16.1,0,0,0,0,0
USW00024233,"SEATTLE TACOMA AIRPORT, WA US",6/24/2025,5.37,,0,0,0,66,80,54,210,200,12.1,15,0,0,0,0,0
USW00024233,"SEATTLE TACOMA AIRPORT, WA US",6/25/2025,9.17,,0,0,0,63,71,54,220,220,15,21.9,0,0,0,0,0
USW00024233,"SEATTLE TACOMA AIRPORT, WA US",6/26/2025,7.61,,0.07,0,0,61,66,55,210,230,13,17,1,0,0,0,0
USW00024233,"SEATTLE TACOMA AIRPORT, WA US",6/27/2025,7.83,,0,0,0,60,69,55,180,190,15,21,0,0,0,0,0
USW00024233,"SEATTLE TACOMA AIRPORT, WA US",6/28/2025,6.04,,0,0,0,61,75,55,10,20,14.1,16.1,0,0,0,0,0
USW00024233,"SEATTLE TACOMA AIRPORT, WA US",6/29/2025,10.96,,0,0,0,66,80,55,30,30,17,23.9,0,0,0,0,0
USW00024233,"SEATTLE TACOMA AIRPORT, WA US",6/30/2025,9.62,,0,0,0,73,87,60,350,360,21.9,28,0,0,0,0,0
USW00024233,"SEATTLE TACOMA AIRPORT, WA US",7/1/2025,8.05,,0,0,0,74,87,58,30,30,18.1,21.9,0,0,0,0,0
USW00024233,"SEATTLE TACOMA AIRPORT, WA US",7/2/2025,7.61,,0,0,0,67,75,54,210,240,15,23,0,0,0,0,0
USW00024233,"SEATTLE TACOMA AIRPORT, WA US",7/3/2025,7.83,,0,0,0,61,69,53,30,240,15,18.1,0,0,0,0,0
USW00024233,"SEATTLE TACOMA AIRPORT, WA US",7/4/2025,7.38,,0,0,0,63,74,55,40,40,17,19.9,0,0,0,0,0
USW00024233,"SEATTLE TACOMA AIRPORT, WA US",7/5/2025,7.61,,0,0,0,62,75,53,40,40,16.1,19.9,0,0,0,0,1
USW00024233,"SEATTLE TACOMA AIRPORT, WA US",7/6/2025,10.07,,0,0,0,66,79,57,30,40,17,21.9,0,0,0,0,0
USW00024233,"SEATTLE TACOMA AIRPORT, WA US",7/7/2025,8.28,,0,0,0,70,85,58,20,360,14.1,21,0,0,0,0,0
USW00024233,"SEATTLE TACOMA AIRPORT, WA US",7/8/2025,5.59,,0,0,0,72,85,58,360,220,12.1,18.1,0,0,0,0,0
USW00024233,"SEATTLE TACOMA AIRPORT, WA US",7/9/2025,11.18,,0,0,0,67,72,59,200,210,19.9,25.9,1,0,0,0,0
USW00024233,"SEATTLE TACOMA AIRPORT, WA US",7/10/2025,7.61,,0,0,0,62,73,57,350,340,13,18.1,0,0,0,0,0
USW00024233,"SEATTLE TACOMA AIRPORT, WA US",7/11/2025,7.16,,0,0,0,67,84,59,20,330,16.1,19,0,0,0,0,0
USW00024233,"SEATTLE TACOMA AIRPORT, WA US",7/12/2025,10.07,,0,0,0,73,83,64,350,340,18.1,25.1,0,0,0,0,0
USW00024233,"SEATTLE TACOMA AIRPORT, WA US",7/13/2025,8.72,,0,0,0,74,90,64,50,30,16.1,21,0,0,0,0,0
USW00024233,"SEATTLE TACOMA AIRPORT, WA US",7/14/2025,8.5,,0,0,0,74,78,62,30,40,23.9,29.1,0,0,0,0,0
USW00024233,"SEATTLE TACOMA AIRPORT, WA US",7/15/2025,8.05,,0,0,0,70,88,56,340,330,17,23,0,0,0,0,1
USW00024233,"SEATTLE TACOMA AIRPORT, WA US",7/16/2025,5.82,,0,0,0,79,94,66,220,200,14.1,19.9,0,0,0,0,0
USW00024233,"SEATTLE TACOMA AIRPORT, WA US",7/17/2025,6.71,,0,0,0,71,86,56,310,190,13,18.1,0,0,0,0,0
USW00024233,"SEATTLE TACOMA AIRPORT, WA US",7/18/2025,9.4,,0,0,0,68,70,56,230,220,15,21,0,0,0,0,0
USW00024233,"SEATTLE TACOMA AIRPORT, WA US",7/19/2025,5.59,,0,0,0,61,70,55,250,250,14.1,21,0,0,0,0,0
USW00024233,"SEATTLE TACOMA AIRPORT, WA US",7/20/2025,4.25,,0,0,0,59,65,51,200,170,10.1,16.1,0,0,0,0,0
USW00024233,"SEATTLE TACOMA AIRPORT, WA US",7/21/2025,6.26,,0,0,0,62,77,54,200,210,14.1,19,0,0,0,0,0
USW00024233,"SEATTLE TACOMA AIRPORT, WA US",7/22/2025,5.82,,0,0,0,64,78,57,220,230,13,17,0,0,0,0,0
USW00024233,"SEATTLE TACOMA AIRPORT, WA US",7/23/2025,4.7,,0,0,0,67,83,57,200,190,12.1,17,0,0,0,0,0
USW00024233,"SEATTLE TACOMA AIRPORT, WA US",7/24/2025,8.5,,0,0,0,66,76,55,220,250,14.1,19,1,0,0,0,0
USW00024233,"SEATTLE TACOMA AIRPORT, WA US",7/25/2025,6.71,,0.01,0,0,61,71,55,290,260,12.1,18.1,1,0,0,0,0
USW00024233,"SEATTLE TACOMA AIRPORT, WA US",7/26/2025,5.14,,0,0,0,60,71,53,200,170,13,19,0,0,0,0,0
USW00024233,"SEATTLE TACOMA AIRPORT, WA US",7/27/2025,4.92,,0,0,0,63,76,55,210,210,10.1,16.1,0,0,0,0,0
USW00024233,"SEATTLE TACOMA AIRPORT, WA US",7/28/2025,4.92,,0,0,0,65,82,54,10,350,12.1,17,0,0,0,0,0
USW00024233,"SEATTLE TACOMA AIRPORT, WA US",7/29/2025,8.28,,0,0,0,70,85,57,10,350,17,23,0,0,0,0,0
USW00024233,"SEATTLE TACOMA AIRPORT, WA US",7/30/2025,7.16,,0,0,0,71,85,58,40,10,15,19.9,0,0,0,0,0
USW00024233,"SEATTLE TACOMA AIRPORT, WA US",7/31/2025,4.92,,0,0,0,71,80,60,10,300,12.1,15,0,0,0,0,0
USW00024233,"SEATTLE TACOMA AIRPORT, WA US",8/1/2025,5.82,,0,0,0,67,75,57,240,260,10.1,17,0,0,0,0,0
USW00024233,"SEATTLE TACOMA AIRPORT, WA US",8/2/2025,4.92,,0,0,0,64,73,58,190,160,10.1,18.1,1,0,0,0,0
USW00024233,"SEATTLE TACOMA AIRPORT, WA US",8/3/2025,5.82,,0,0,0,62,71,56,180,220,12.1,17,0,0,0,0,0
USW00024233,"SEATTLE TACOMA AIRPORT, WA US",8/4/2025,7.83,,0,0,0,63,71,58,200,210,15,19,0,0,0,0,0
USW00024233,"SEATTLE TACOMA AIRPORT, WA US",8/5/2025,7.83,,0,0,0,65,78,57,250,250,14.1,19.9,0,0,0,0,0
USW00024233,"SEATTLE TACOMA AIRPORT, WA US",8/6/2025,10.29,,0.16,0,0,65,72,60,220,220,17,25.1,1,0,0,0,0
USW00024233,"SEATTLE TACOMA AIRPORT, WA US",8/7/2025,6.71,,0,0,0,63,70,58,220,220,17,23.9,0,0,0,0,0
USW00024233,"SEATTLE TACOMA AIRPORT, WA US",8/8/2025,8.05,,0,0,0,64,77,54,280,320,14.1,23,0,0,0,0,0
USW00024233,"SEATTLE TACOMA AIRPORT, WA US",8/9/2025,8.72,,0,0,0,68,81,58,350,80,16.1,23,0,0,0,0,0
USW00024233,"SEATTLE TACOMA AIRPORT, WA US",8/10/2025,8.05,,0,0,0,74,88,61,350,340,19.9,25.9,0,0,0,0,0
USW00024233,"SEATTLE TACOMA AIRPORT, WA US",8/11/2025,10.51,,0,0,0,78,87,69,360,340,25.1,30,0,0,0,0,0
USW00024233,"SEATTLE TACOMA AIRPORT, WA US",8/12/2025,6.49,,0,0,0,79,92,64,310,290,16.1,21.9,0,0,0,0,0
USW00024233,"SEATTLE TACOMA AIRPORT, WA US",8/13/2025,8.05,,0,0,0,73,78,62,220,210,16.1,21,0,0,0,0,0
USW00024233,"SEATTLE TACOMA AIRPORT, WA US",8/14/2025,8.72,,0.22,0,0,65,75,58,200,200,16.1,21,1,0,0,0,0
USW00024233,"SEATTLE TACOMA AIRPORT, WA US",8/15/2025,10.51,,0.76,0,0,65,68,61,180,200,16.1,23.9,1,0,0,0,0
USW00024233,"SEATTLE TACOMA AIRPORT, WA US",8/16/2025,11.41,,0,0,0,65,74,59,220,210,18.1,25.9,0,0,0,0,0
USW00024233,"SEATTLE TACOMA AIRPORT, WA US",8/17/2025,5.14,,0,0,0,65,74,60,340,10,12.1,19,0,0,0,0,0
USW00024233,"SEATTLE TACOMA AIRPORT, WA US",8/18/2025,6.04,,0,0,0,66,75,58,260,230,12.1,19.9,0,0,0,0,0
USW00024233,"SEATTLE TACOMA AIRPORT, WA US",8/19/2025,6.93,,0,0,0,67,75,59,230,240,13,18.1,0,0,0,0,0
USW00024233,"SEATTLE TACOMA AIRPORT, WA US",8/20/2025,10.51,,0,0,0,66,75,60,20,20,17,21,0,0,0,0,0
USW00024233,"SEATTLE TACOMA AIRPORT, WA US",8/21/2025,10.29,,0,0,0,66,78,53,30,20,18.1,23,0,0,0,0,0
USW00024233,"SEATTLE TACOMA AIRPORT, WA US",8/22/2025,10.51,,0,0,0,71,89,57,20,10,18.1,23.9,0,0,0,0,0
USW00024233,"SEATTLE TACOMA AIRPORT, WA US",8/23/2025,,,0,0,0,76,90,62,,,,,0,0,0,0,0
USW00024233,"SEATTLE TACOMA AIRPORT, WA US",8/24/2025,,,,,,78,,,,,,,0,0,0,0,0
